Workbook

Sheet Expenses
A1: Date | B1: Category | C1: Note | D1: Amount | E1: MonthKey | F1: Categories | G1: Month List
A2: 45992 | B2: Food | C2: Pizza | D2: 15 | E2: =IF(A2="","",DATE(YEAR(A2),MONTH(A2),1)) -> 45992 | F2: Food | G2: 45992
A3: 45993 | B3: Transport | C3: Uber | D3: 20 | E3: =IF(A3="","",DATE(YEAR(A3),MONTH(A3),1)) -> 45992 | F3: Rent | G3: 46023
A4: 45994 | B4: Shopping | C4: Shoes | D4: 80 | E4: =IF(A4="","",DATE(YEAR(A4),MONTH(A4),1)) -> 45992 | F4: Transport | G4: 46054
A5: 46001 | B5: Bills | C5: Phone | D5: 100 | E5: =IF(A5="","",DATE(YEAR(A5),MONTH(A5),1)) -> 45992 | F5: Shopping
A6: 46016 | B6: Entertainment | C6: Movie | D6: 60 | E6: =IF(A6="","",DATE(YEAR(A6),MONTH(A6),1)) -> 45992 | F6: Bills
A7: 46009 | B7: Other | C7: Birthday gift | D7: 200 | E7: =IF(A7="","",DATE(YEAR(A7),MONTH(A7),1)) -> 45992 | F7: Entertainment
A8: 46011 | B8: Rent | C8: Apartment | D8: 500 | E8: =IF(A8="","",DATE(YEAR(A8),MONTH(A8),1)) -> 45992 | F8: Other
A9: 46023 | B9: Transport | C9: Uber | D9: 30 | E9: =IF(A9="","",DATE(YEAR(A9),MONTH(A9),1)) -> 46023
A10: 46034 | B10: Bills | C10: Electric | D10: 200 | E10: =IF(A10="","",DATE(YEAR(A10),MONTH(A10),1)) -> 46023
A11: 46047 | B11: Shopping | C11: Clothes | D11: 90 | E11: =IF(A11="","",DATE(YEAR(A11),MONTH(A11),1)) -> 46023
A12: 46052 | B12: Entertainment | C12: Movie | D12: 30 | E12: =IF(A12="","",DATE(YEAR(A12),MONTH(A12),1)) -> 46023
A13: 46056 | B13: Other | C13: Charger | D13: 15 | E13: =IF(A13="","",DATE(YEAR(A13),MONTH(A13),1)) -> 46054
A14: 46068 | B14: Bills | C14: water | D14: 100 | E14: =IF(A14="","",DATE(YEAR(A14),MONTH(A14),1)) -> 46054
A15: 46075 | B15: Transport | C15: Uber | D15: 75 | E15: =IF(A15="","",DATE(YEAR(A15),MONTH(A15),1)) -> 46054
E16: =IF(A16="","",DATE(YEAR(A16),MONTH(A16),1))
E17: =IF(A17="","",DATE(YEAR(A17),MONTH(A17),1))
E18: =IF(A18="","",DATE(YEAR(A18),MONTH(A18),1))
E19: =IF(A19="","",DATE(YEAR(A19),MONTH(A19),1))
E20: =IF(A20="","",DATE(YEAR(A20),MONTH(A20),1))
E21: =IF(A21="","",DATE(YEAR(A21),MONTH(A21),1))
E22: =IF(A22="","",DATE(YEAR(A22),MONTH(A22),1))
E23: =IF(A23="","",DATE(YEAR(A23),MONTH(A23),1))
E24: =IF(A24="","",DATE(YEAR(A24),MONTH(A24),1))
E25: =IF(A25="","",DATE(YEAR(A25),MONTH(A25),1))
E26: =IF(A26="","",DATE(YEAR(A26),MONTH(A26),1))
E27: =IF(A27="","",DATE(YEAR(A27),MONTH(A27),1))
... E200: =IF(A200="","",DATE(YEAR(A200),MONTH(A200),1))

Sheet Summary
A1: Category | B1: Total Spent | C1: Budget | D1: Status | E1: Column1 | F1: Select Month
A2: Food | B2: =SUMIFS(Expenses!D:D, Expenses!B:B, A2, Expenses!E:E, $F$2) -> 0 | C2: 200 | D2: =IF(B2>C2,"Over Budget","OK") -> OK | F2: 46054
A3: Rent | B3: =SUMIFS(Expenses!D:D, Expenses!B:B, A3, Expenses!E:E, $F$2) -> 0 | C3: 800 | D3: =IF(B3>C3,"Over Budget","OK") -> OK
A4: Transport | B4: =SUMIFS(Expenses!D:D, Expenses!B:B, A4, Expenses!E:E, $F$2) -> 75 | C4: 150 | D4: =IF(B4>C4,"Over Budget","OK") -> OK
A5: Shopping | B5: =SUMIFS(Expenses!D:D, Expenses!B:B, A5, Expenses!E:E, $F$2) -> 0 | C5: 150 | D5: =IF(B5>C5,"Over Budget","OK") -> OK
A6: Bills | B6: =SUMIFS(Expenses!D:D, Expenses!B:B, A6, Expenses!E:E, $F$2) -> 100 | C6: 200 | D6: =IF(B6>C6,"Over Budget","OK") -> OK
A7: Entertainment | B7: =SUMIFS(Expenses!D:D, Expenses!B:B, A7, Expenses!E:E, $F$2) -> 0 | C7: 100 | D7: =IF(B7>C7,"Over Budget","OK") -> OK
A8: Other | B8: =SUMIFS(Expenses!D:D, Expenses!B:B, A8, Expenses!E:E, $F$2) -> 15 | C8: 100 | D8: =IF(B8>C8,"Over Budget","OK") -> OK
